,MHC_allele,Beta_sheet_res_3-125,Alpha_helix_res_140-179,Alpha_helix_res_50-84
292,HLA-A*24:02,HSMRYFSTSVSRPGRGEPRFIAVGYVDDTQFVRFDHTLQMMFGCDVGSDGRFLRGYHQYAYDGKDYIAL,AQITKRKWEAAHVAEQ------QRAY-----LEGTCVDGLRRYLEN--GKETL,"PWIEQEGPEYWDEETGKVKAHSQTDRENLRIALRY
"
354,HLA-A*29:02,HSMRYFTTSVSRPGRGEPRFIAVGYVDDTQFVRFDHTIQMMYGCDVGSDGRFLRGYRQDAYDGKDYIAL,AQITQRKWEAARVAEQ------LRAY-----LEGTCVEWLRRYLEN--GKETL,"PWIEQEGPEYWDLQTRNVKAQSQTDRANLGTLRGY
"
479,HLA-A*31:01,HSMRYFTTSVSRPGRGEPRFIAVGYVDDTQFVRFDHTIQMMYGCDVGSDGRFLRGYQQDAYDGKDYIAL,AQITQRKWEAARVAEQ------LRAY-----LEGTCVEWLRRYLEN--GKETL,"PWIEQERPEYWDQETRNVKAHSQIDRVDLGTLRGY
"
509,HLA-A*68:02,HSMRYFYTSMSRPGRGEPRFIAVGYVDDTQFVRFDHTIQRMYGCDVGPDGRFLRGYHQYAYDGKDYIAL,AQTTKHKWEAAHVAEQ------WRAY-----LEGTCVEWLRRYLEN--GKETL,"PWIEQEGPEYWDRNTRNVKAQSQTDRVDLGTLRGY
"
565,HLA-A*02:07,HSMRYFFTSVSRPGRGEPRFIAVGYVDDTQFVRFDHTVQRMCGCDVGSDWRFLRGYHQYAYDGKDYIAL,AQTTKHKWEAAHVAEQ------LRAY-----LEGTCVEWLRRYLEN--GKETL,"PWIEQEGPEYWDGETRKVKAHSQTHRVDLGTLRGY
"
588,HLA-A*02:03,HSMRYFFTSVSRPGRGEPRFIAVGYVDDTQFVRFDHTVQRMYGCDVGSDWRFLRGYHQYAYDGKDYIAL,AQTTKHKWETAHEAEQ------WRAY-----LEGTCVEWLRRYLEN--GKETL,"PWIEQEGPEYWDGETRKVKAHSQTHRVDLGTLRGY
"
855,HLA-A*02:01,HSMRYFFTSVSRPGRGEPRFIAVGYVDDTQFVRFDHTVQRMYGCDVGSDWRFLRGYHQYAYDGKDYIAL,AQTTKHKWEAAHVAEQ------LRAY-----LEGTCVEWLRRYLEN--GKETL,"PWIEQEGPEYWDGETRKVKAHSQTHRVDLGTLRGY
"
1033,HLA-A*03:01,HSMRYFFTSVSRPGRGEPRFIAVGYVDDTQFVRFDHTIQIMYGCDVGSDGRFLRGYRQDAYDGKDYIAL,AQITKRKWEAAHEAEQ------LRAY-----LDGTCVEWLRRYLEN--GKETL,"PWIEQEGPEYWDQETRNVKAQSQTDRVDLGTLRGY
"
1212,HLA-A*01:01,HSMRYFFTSVSRPGRGEPRFIAVGYVDDTQFVRFDHTIQIMYGCDVGPDGRFLRGYRQDAYDGKDYIAL,AQITKRKWEAVHAAEQ------RRVY-----LEGRCVDGLRRYLEN--GKETL,"PWIEQEGPEYWDQETRNMKAHSQTDRANLGTLRGY
"
1534,HLA-A*11:01,HSMRYFYTSVSRPGRGEPRFIAVGYVDDTQFVRFDHTIQIMYGCDVGPDGRFLRGYRQDAYDGKDYIAL,AQITKRKWEAAHAAEQ------QRAY-----LEGRCVEWLRRYLEN--GKETL,"PWIEQEGPEYWDQETRNVKAQSQTDRVDLGTLRGY
"
1605,HLA-B*27:01,HSMRYFHTSVSRPGRGEPRFITVGYVDDTLFVRFDHTLQNMYGCDVGPDGRLLRGYHQDAYDGKDYIAL,AQITQRKWEAARVAEQ------LRAY-----LEGECVEWLRRYLEN--GKETL,"PWIEQEGPEYWDRETQICKAKAQTYRENLRTALRY
"
1676,HLA-B*27:05,HSMRYFHTSVSRPGRGEPRFITVGYVDDTLFVRFDHTLQNMYGCDVGPDGRLLRGYHQDAYDGKDYIAL,AQITQRKWEAARVAEQ------LRAY-----LEGECVEWLRRYLEN--GKETL,"PWIEQEGPEYWDRETQICKAKAQTDREDLRTLLRY
"
1820,HLA-B*40:02,HSMRYFHTSVSRPGRGEPRFITVGYVDDTLFVRFDHTLQSMYGCDVGPDGRLLRGHNQYAYDGKDYIAL,AQITQRKWEAARVAEQ------LRAY-----LEGECVEWLRRYLEN--GKETL,"PWIEQEGPEYWDRETQISKTNTQTYRESLRNLRGY
"
1926,HLA-B*40:01,HSMRYFHTAMSRPGRGEPRFITVGYVDDTLFVRFDHTLQRMYGCDVGPDGRLLRGHNQYAYDGKDYIAL,AQISQRKLEAARVAEQ------LRAY-----LEGECVEWLRRYLEN--GKDKL,"PWIEQEGPEYWDRETQISKTNTQTYRESLRNLRGY
"
2079,HLA-B*44:03,HSMRYFYTAMSRPGRGEPRFITVGYVDDTLFVRFDHIIQRMYGCDVGPDGRLLRGYDQDAYDGKDYIAL,AQITQRKWEAARVAEQ------LRAY-----LEGLCVESLRRYLEN--GKETL,"PWIEQEGPEYWDRETQISKTNTQTYRENLRTALRY
"
2146,HLA-B*44:02,HSMRYFYTAMSRPGRGEPRFITVGYVDDTLFVRFDHIIQRMYGCDVGPDGRLLRGYDQDAYDGKDYIAL,AQITQRKWEAARVAEQ------DRAY-----LEGLCVESLRRYLEN--GKETL,"PWIEQEGPEYWDRETQISKTNTQTYRENLRTALRY
"
2285,HLA-B*57:01,HSMRYFYTAMSRPGRGEPRFIAVGYVDDTQFVRFDHIIQVMYGCDVGPDGRLLRGHDQSAYDGKDYIAL,AQITQRKWEAARVAEQ------LRAY-----LEGLCVEWLRRYLEN--GKETL,"PWIEQEGPEYWDGETRNMKASAQTYRENLRIALRY
"
2765,HLA-B*51:01,HSMRYFYTAMSRPGRGEPRFIAVGYVDDTQFVRFDHTWQTMYGCDVGPDGRLLRGHNQYAYDGKDYIAL,AQITQRKWEAAREAEQ------LRAY-----LEGLCVEWLRRHLEN--GKETL,"PWIEQEGPEYWDRNTQIFKTNTQTYRENLRIALRY
"
3050,HLA-B*07:02,HSMRYFYTSVSRPGRGEPRFISVGYVDDTQFVRFDHTLQSMYGCDVGPDGRLLRGHDQYAYDGKDYIAL,AQITQRKWEAAREAEQ------RRAY-----LEGECVEWLRRYLEN--GKDKL,"PWIEQEGPEYWDRNTQIYKAQAQTDRESLRNLRGY
"
3354,HLA-B*15:01,HSMRYFYTAMSRPGRGEPRFIAVGYVDDTQFVRFDHTLQRMYGCDVGPDGRLLRGHDQSAYDGKDYIAL,AQITQRKWEAAREAEQ------WRAY-----LEGLCVEWLRRYLEN--GKETL,"PWIEQEGPEYWDRETQISKTNTQTYRESLRNLRGY
"
3631,HLA-C*04:01,HSMRYFSTSVSWPGRGEPRFIAVGYVDDTQFVRFD-TLQRMFGCDLGPDGRLLRGYNQFAYDGKDYIAL,AQITQRKWEAAREAEQ------RRAY-----LEGTCVEWLRRYLEN---KETL,"PWVEQEGPEYWDRETQKYKRQAQADRVNLRKLRGY
"
3707,HLA-C*01:02,HSMKYFFTSVSRPGRGEPRFISVGYVDDTQFVRFD-TLQWMCGCDLGPDGRLLRGYDQYAYDGKDYIAL,AQITQRKWEAAREAEQ------RRAY-----LEGTCVEWLRRYLEN---KETL,"PWVEQEGPEYWDRETQKYKRQAQTDRVSLRNLRGY
"
3808,HLA-C*06:02,HSMRYFDTAVSRPGRGEPRFISVGYVDDTQFVRFD-TLQWMYGCDLGPDGRLLRGYDQSAYDGKDYIAL,AQITQRKWEAAREAEQ------WRAY-----LEGTCVEWLRRYLEN---KETL,"PWVEQEGPEYWDRETQKYKRQAQADRVNLRKLRGY
"
3979,HLA-C*07:01,HSMRYFDTAVSRPGRGEPRFISVGYVDDTQFVRFD-TLQRMYGCDLGPDGRLLRGYDQSAYDGKDYIAL,AQITQRKLEAARAAEQ------LRAY-----LEGTCVEWLRRYLEN---KETL,"PWVEQEGPEYWDRETQNYKRQAQADRVSLRNLRGY
"
4118,HLA-C*07:02,HSMRYFDTAVSRPGRGEPRFISVGYVDDTQFVRFD-TLQRMSGCDLGPDGRLLRGYDQSAYDGKDYIAL,AQITQRKLEAARAAEQ------LRAY-----LEGTCVEWLRRYLEN---KETL,"PWVEQEGPEYWDRETQKYKRQAQADRVSLRNLRGY
"
4372,HLA-C*03:03,HSMRYFYTAVSRPGRGEPHFIAVGYVDDTQFVRFD-IIQRMYGCDVGPDGRLLRGYDQYAYDGKDYIAL,AQITQRKWEAAREAEQ------LRAY-----LEGLCVEWLRRYLKN---KETL,"PWVEQEGPEYWDRETQKYKRQAQTDRVSLRNLRGY
"
4390,HLA-C*03:04,HSMRYFYTAVSRPGRGEPHFIAVGYVDDTQFVRFD-IIQRMYGCDVGPDGRLLRGYDQYAYDGKDYIAL,AQITQRKWEAAREAEQ------LRAY-----LEGLCVEWLRRYLKN---KETL,"PWVEQEGPEYWDRETQKYKRQAQTDRVSLRNLRGY
"
4472,HLA-C*05:01,HSMRYFYTAVSRPGRGEPRFIAVGYVDDTQFVQFD-TLQRMYGCDLGPDGRLLRGYNQFAYDGKDYIAL,AQITQRKWEAAREAEQ------RRAY-----LEGTCVEWLRRYLEN---KKTL,"PWVEQEGPEYWDRETQKYKRQAQTDRVNLRKLRGY
"
4594,HLA-C*14:02,HSMRYFSTSVSRPGRGEPRFIAVGYVDDTQFVRFD-TLQWMFGCDLGPDGRLLRGYDQSAYDGKDYIAL,AQITQRKWEAAREAEQ------RRAY-----LEGTCVEWLRRYLEN---KETL,"PWVEQEGPEYWDRETQKYKRQAQTDRVSLRNLRGY
"
4644,HLA-C*16:01,HSMRYFYTAVSRPGRGEPRFIAVGYVDDTQFVRFD-TLQWMYGCDLGPDGRLLRGYDQSAYDGKDYIAL,AQITQRKWEAARAAEQ------QRAY-----LEGTCVEWLRRYLEN---KETL,"PWVEQEGPEYWDRETQKYKRQAQTDRVSLRNLRGY
"
